{"has_child":1,"home_url":"http:\/\/localhost:10008","root_flag":"custom","php_version":"8.2.23","mysql_version":"8.0.16","wp_version":"6.7.1","child_file":{"localhost_wpvivid-3d2741f9522fd_2024-11-23-22-31_backup_db.zip":{"files":["localhost_wpvivid-3d2741f9522fd_2024-11-23-22-31_backup_db.sql"],"tables":[{"name":"wp_mainwp_wpvivid","size":16384,"rows":"0"},{"name":"wp_mainwp_wpvivid_global","size":16384,"rows":"0"},{"name":"wp_mainwp_wpvivid_global_options","size":16384,"rows":"1"},{"name":"wp_mainwp_wpvividmeta","size":16384,"rows":"0"},{"name":"wp_wc_category_lookup","size":16384,"rows":"4"},{"name":"wp_wc_reserved_stock","size":16384,"rows":"0"},{"name":"wp_woocommerce_shipping_zone_methods","size":16384,"rows":"0"},{"name":"wp_woocommerce_shipping_zones","size":16384,"rows":"0"},{"name":"wp_actionscheduler_claims","size":32768,"rows":"0"},{"name":"wp_actionscheduler_groups","size":32768,"rows":"2"},{"name":"wp_links","size":32768,"rows":"0"},{"name":"wp_term_relationships","size":32768,"rows":"41"},{"name":"wp_wc_product_attributes_lookup","size":32768,"rows":"9"},{"name":"wp_wc_product_download_directories","size":32768,"rows":"2"},{"name":"wp_wc_rate_limits","size":32768,"rows":"0"},{"name":"wp_wc_tax_rate_classes","size":32768,"rows":"2"},{"name":"wp_wc_webhooks","size":32768,"rows":"0"},{"name":"wp_woocommerce_attribute_taxonomies","size":32768,"rows":"0"},{"name":"wp_woocommerce_log","size":32768,"rows":"0"},{"name":"wp_woocommerce_order_items","size":32768,"rows":"0"},{"name":"wp_woocommerce_payment_tokens","size":32768,"rows":"0"},{"name":"wp_woocommerce_sessions","size":32768,"rows":"2"},{"name":"wp_commentmeta","size":49152,"rows":"0"},{"name":"wp_term_taxonomy","size":49152,"rows":"22"},{"name":"wp_termmeta","size":49152,"rows":"12"},{"name":"wp_terms","size":49152,"rows":"20"},{"name":"wp_usermeta","size":49152,"rows":"89"},{"name":"wp_wc_admin_note_actions","size":49152,"rows":"87"},{"name":"wp_wc_customer_lookup","size":49152,"rows":"0"},{"name":"wp_wc_download_log","size":49152,"rows":"0"},{"name":"wp_wc_order_coupon_lookup","size":49152,"rows":"0"},{"name":"wp_wc_order_operational_data","size":49152,"rows":"0"},{"name":"wp_wc_order_tax_lookup","size":49152,"rows":"0"},{"name":"wp_wc_orders_meta","size":49152,"rows":"0"},{"name":"wp_woocommerce_api_keys","size":49152,"rows":"0"},{"name":"wp_woocommerce_order_itemmeta","size":49152,"rows":"0"},{"name":"wp_woocommerce_payment_tokenmeta","size":49152,"rows":"0"},{"name":"wp_woocommerce_shipping_zone_locations","size":49152,"rows":"0"},{"name":"wp_woocommerce_tax_rate_locations","size":49152,"rows":"2"},{"name":"wp_users","size":65536,"rows":"0"},{"name":"wp_wc_admin_notes","size":65536,"rows":"55"},{"name":"wp_wc_order_stats","size":65536,"rows":"0"},{"name":"wp_actionscheduler_logs","size":81920,"rows":"230"},{"name":"wp_wc_order_addresses","size":81920,"rows":"0"},{"name":"wp_wc_order_product_lookup","size":81920,"rows":"0"},{"name":"wp_woocommerce_downloadable_product_permissions","size":81920,"rows":"0"},{"name":"wp_woocommerce_tax_rates","size":81920,"rows":"0"},{"name":"wp_comments","size":98304,"rows":"0"},{"name":"wp_wc_orders","size":131072,"rows":"0"},{"name":"wp_wc_product_meta_lookup","size":131072,"rows":"9"},{"name":"wp_actionscheduler_actions","size":163840,"rows":"79"},{"name":"wp_postmeta","size":245760,"rows":"636"},{"name":"wp_posts","size":1458176,"rows":"117"},{"name":"wp_options","size":8536064,"rows":"544"}],"dump_db":1,"file_type":"databases","home_url":"http:\/\/localhost:10008","root_flag":"custom","php_version":"8.2.23","mysql_version":"8.0.16","wp_version":"6.7.1","find_zero_date":1,"file":"localhost_wpvivid-3d2741f9522fd_2024-11-23-22-31_backup_db.part001.zip"},"localhost_wpvivid-3d2741f9522fd_2024-11-23-22-31_backup_themes.zip":{"file_type":"themes","root_flag":"wp-content","php_version":"8.2.23","mysql_version":"8.0.16","wp_version":"6.7.1","themes":{"kadence":{"slug":"kadence"},"quifeurouu":{"slug":"quifeurouu"},"twentytwentyfive":{"slug":"twentytwentyfive"},"twentytwentyfour":{"slug":"twentytwentyfour"},"twentytwentythree":{"slug":"twentytwentythree"}},"file":"localhost_wpvivid-3d2741f9522fd_2024-11-23-22-31_backup_themes.part001.zip"},"localhost_wpvivid-3d2741f9522fd_2024-11-23-22-31_backup_plugin.zip":{"file_type":"plugin","root_flag":"wp-content","php_version":"8.2.23","mysql_version":"8.0.16","wp_version":"6.7.1","plugin":{"kadence-blocks":{"slug":"kadence-blocks"},"kadence-starter-templates":{"slug":"kadence-starter-templates"},"woocommerce":{"slug":"woocommerce"},"woocommerce-payments":{"slug":"woocommerce-payments"}},"file":"localhost_wpvivid-3d2741f9522fd_2024-11-23-22-31_backup_plugin.part001.zip"},"localhost_wpvivid-3d2741f9522fd_2024-11-23-22-31_backup_uploads.zip":{"file_type":"upload","root_flag":"wp-content","php_version":"8.2.23","mysql_version":"8.0.16","wp_version":"6.7.1","file":"localhost_wpvivid-3d2741f9522fd_2024-11-23-22-31_backup_uploads.part001.zip"},"localhost_wpvivid-3d2741f9522fd_2024-11-23-22-31_backup_content.zip":{"file_type":"wp-content","root_flag":"wp-content","php_version":"8.2.23","mysql_version":"8.0.16","wp_version":"6.7.1","file":"localhost_wpvivid-3d2741f9522fd_2024-11-23-22-31_backup_content.part001.zip"},"localhost_wpvivid-3d2741f9522fd_2024-11-23-22-31_backup_core.zip":{"file_type":"wp-core","include_path":["wp-includes","wp-admin"],"wp_core":1,"root_flag":"root","home_url":"http:\/\/localhost:10008","file":"localhost_wpvivid-3d2741f9522fd_2024-11-23-22-31_backup_core.part001.zip"}},"file":"localhost_wpvivid-3d2741f9522fd_2024-11-23-22-31_backup_all.part001.zip"}